{"_runtime": 5473.157374153, "_timestamp": 1776791068.6381905, "train_policy_loss": 0.000124031538143754, "train_selector_loss": -0.5004519827867625, "train_coverage": 0.875, "_step": 1000, "train_loss": -0.08964140173047781, "train_diversity_loss": 3.99091796875, "train_anchor_loss": 1.140675987303257, "train_mean_reward": 0.4515625, "train_voting_accuracy": 0.4625, "train_selected_accuracy": 0.5125, "lr": 9.397368756032447e-05, "eval_loss": 0.05801175907254219, "eval_policy_loss": 1.7588587070349604e-05, "eval_selector_loss": -0.04467250034213066, "eval_diversity_loss": 0.99688720703125, "eval_anchor_loss": 0.2950482666492462, "eval_mean_reward": 0.041259765625, "eval_coverage": 0.103515625, "eval_voting_accuracy": 0.044921875, "eval_selected_accuracy": 0.044921875}